[
    {
        "id": "1",
        "category_id": "1",
        "title": "Новость 1",
        "text": "Это хорошая новость про спорт 1",
        "isPrivate": "0",
        "image": null
    },
    {
        "id": "2",
        "category_id": "1",
        "title": "Новость 2",
        "text": "Это хорошая новость про спорт 2",
        "isPrivate": "0",
        "image": null
    },
    {
        "id": 3,
        "category_id": "2",
        "title": "Новость  3",
        "text": "Это хорошая новость про политику 3",
        "isPrivate": "0",
        "image": null
    },
    {
        "title": "Новость 4",
        "category_id": "2",
        "text": "Хорошая новость",
        "file": [],
        "id": 34,
        "image": null
    },
    {
        "title": "Новость 4",
        "category_id": "2",
        "text": "Хорошая новость",
        "image": "\/storage\/Fqw8k54IC50fAfY80ZSPgN0eLWKkx1LjiK2hx8Hj.jpeg",
        "id": 97
    }
]